Workbook

Sheet How to Use
B2: VEYN — BUSINESS HUB TEMPLATE
B3: Dictation-to-Letter Tracker
B5: Tracks each letter from the moment it's dictated through to being sent — useful where your PMS doesn't give a clear turnaround view, or where letters move between more than one person (typed by you, proofed by someone else) before they go out.
B6: Status and turnaround time calculate themselves from whichever dates you've filled in — you don't need to set status manually.
B8: HOW TO READ THIS WORKBOOK
B9: Colour | C9: Meaning
B10: Blue text | C10: Type into this cell — it won't overwrite a formula
B11: Black text | C11: Calculated automatically — leave alone
B12: Gold row | C12: In progress — dictated but not yet sent
B13: Green row | C13: Sent
B15: This template is general guidance, not financial, tax or legal advice — check figures relevant to your own situation.
B17: Privacy note: use patient initials or an internal reference number in these trackers, never full identifying details, in line with GDPR good practice.

Sheet Tracker
A1: Dictation-to-Letter Tracker
A2: One row per letter
A4: Date Dictated | B4: Consultant | C4: Patient Ref | D4: Letter Type | E4: Typed Date | F4: Proofed By | G4: Approved Date | H4: Sent Date | I4: Recipient(s) | J4: Turnaround (Days) | K4: Status | L4: Notes
J5: =IF(OR(A5="",H5=""),"",H5-A5) | K5: =IF(A5="","",IF(H5<>"","Sent",IF(G5<>"","Approved",IF(F5<>"","Proofed",IF(E5<>"","Typed","Dictated")))))
J6: =IF(OR(A6="",H6=""),"",H6-A6) | K6: =IF(A6="","",IF(H6<>"","Sent",IF(G6<>"","Approved",IF(F6<>"","Proofed",IF(E6<>"","Typed","Dictated")))))
J7: =IF(OR(A7="",H7=""),"",H7-A7) | K7: =IF(A7="","",IF(H7<>"","Sent",IF(G7<>"","Approved",IF(F7<>"","Proofed",IF(E7<>"","Typed","Dictated")))))
J8: =IF(OR(A8="",H8=""),"",H8-A8) | K8: =IF(A8="","",IF(H8<>"","Sent",IF(G8<>"","Approved",IF(F8<>"","Proofed",IF(E8<>"","Typed","Dictated")))))
J9: =IF(OR(A9="",H9=""),"",H9-A9) | K9: =IF(A9="","",IF(H9<>"","Sent",IF(G9<>"","Approved",IF(F9<>"","Proofed",IF(E9<>"","Typed","Dictated")))))
J10: =IF(OR(A10="",H10=""),"",H10-A10) | K10: =IF(A10="","",IF(H10<>"","Sent",IF(G10<>"","Approved",IF(F10<>"","Proofed",IF(E10<>"","Typed","Dictated")))))
J11: =IF(OR(A11="",H11=""),"",H11-A11) | K11: =IF(A11="","",IF(H11<>"","Sent",IF(G11<>"","Approved",IF(F11<>"","Proofed",IF(E11<>"","Typed","Dictated")))))
J12: =IF(OR(A12="",H12=""),"",H12-A12) | K12: =IF(A12="","",IF(H12<>"","Sent",IF(G12<>"","Approved",IF(F12<>"","Proofed",IF(E12<>"","Typed","Dictated")))))
J13: =IF(OR(A13="",H13=""),"",H13-A13) | K13: =IF(A13="","",IF(H13<>"","Sent",IF(G13<>"","Approved",IF(F13<>"","Proofed",IF(E13<>"","Typed","Dictated")))))
J14: =IF(OR(A14="",H14=""),"",H14-A14) | K14: =IF(A14="","",IF(H14<>"","Sent",IF(G14<>"","Approved",IF(F14<>"","Proofed",IF(E14<>"","Typed","Dictated")))))
J15: =IF(OR(A15="",H15=""),"",H15-A15) | K15: =IF(A15="","",IF(H15<>"","Sent",IF(G15<>"","Approved",IF(F15<>"","Proofed",IF(E15<>"","Typed","Dictated")))))
J16: =IF(OR(A16="",H16=""),"",H16-A16) | K16: =IF(A16="","",IF(H16<>"","Sent",IF(G16<>"","Approved",IF(F16<>"","Proofed",IF(E16<>"","Typed","Dictated")))))
... J64: =IF(OR(A64="",H64=""),"",H64-A64) | K64: =IF(A64="","",IF(H64<>"","Sent",IF(G64<>"","Approved",IF(F64<>"","Proofed",IF(E64<>"","Typed","Dictated")))))

Sheet Summary
A1: Summary
A2: Updates automatically from the Tracker tab
A4: Volume & Status
A5: Letters Logged | B5: =COUNTA(Tracker!A5:A64) -> 0
A6: Dictated (not yet typed) | B6: =COUNTIF(Tracker!K5:K64,"Dictated") -> 0
A7: Typed | B7: =COUNTIF(Tracker!K5:K64,"Typed") -> 0
A8: Proofed | B8: =COUNTIF(Tracker!K5:K64,"Proofed") -> 0
A9: Approved | B9: =COUNTIF(Tracker!K5:K64,"Approved") -> 0
A10: Sent | B10: =COUNTIF(Tracker!K5:K64,"Sent") -> 0
A12: Average Turnaround (Days, Sent Only) | B12: =IFERROR(AVERAGEIF(Tracker!K5:K64,"Sent",Tracker!J5:J64),"")
