Workbook

Sheet How to Use
B2: VEYN — BUSINESS HUB TEMPLATE
B3: Results Tracker
B5: Add a patient here as soon as they're sent for investigations following a consultation — bloods, imaging, biopsy or otherwise. The tracker flags anything still outstanding after two weeks, and separately flags results that have come back but haven't yet been reviewed by the consultant.
B6: Only the Consultant, Investigation Type, Provider, Date Received and Reviewed columns need touching after the initial entry — everything else calculates itself.
B8: HOW TO READ THIS WORKBOOK
B9: Colour | C9: Meaning
B10: Blue text | C10: Type into this cell — it won't overwrite a formula
B11: Black text | C11: Calculated automatically — leave alone
B12: Gold row | C12: Needs attention — overdue (14+ days), or received but not yet reviewed
B13: Green row | C13: Received and reviewed — complete
B15: This template is general guidance, not financial, tax or legal advice — check figures relevant to your own situation.
B17: Privacy note: use patient initials or an internal reference number in these trackers, never full identifying details, in line with GDPR good practice.

Sheet Results Tracker
A1: Results Tracker
A2: One row per investigation requested at consultation
A4: Consultation Date | B4: Patient Ref | C4: Consultant | D4: Investigation Type | E4: Provider / Lab | F4: Date Received | G4: Days Waiting | H4: Status | I4: Reviewed by Consultant? | J4: Notes
G5: =IF(A5="","",IF(F5="",TODAY()-A5,F5-A5)) | H5: =IF(A5="","",IF(F5<>"","Received",IF(TODAY()-A5>14,"Overdue","Awaiting")))
G6: =IF(A6="","",IF(F6="",TODAY()-A6,F6-A6)) | H6: =IF(A6="","",IF(F6<>"","Received",IF(TODAY()-A6>14,"Overdue","Awaiting")))
G7: =IF(A7="","",IF(F7="",TODAY()-A7,F7-A7)) | H7: =IF(A7="","",IF(F7<>"","Received",IF(TODAY()-A7>14,"Overdue","Awaiting")))
G8: =IF(A8="","",IF(F8="",TODAY()-A8,F8-A8)) | H8: =IF(A8="","",IF(F8<>"","Received",IF(TODAY()-A8>14,"Overdue","Awaiting")))
G9: =IF(A9="","",IF(F9="",TODAY()-A9,F9-A9)) | H9: =IF(A9="","",IF(F9<>"","Received",IF(TODAY()-A9>14,"Overdue","Awaiting")))
G10: =IF(A10="","",IF(F10="",TODAY()-A10,F10-A10)) | H10: =IF(A10="","",IF(F10<>"","Received",IF(TODAY()-A10>14,"Overdue","Awaiting")))
G11: =IF(A11="","",IF(F11="",TODAY()-A11,F11-A11)) | H11: =IF(A11="","",IF(F11<>"","Received",IF(TODAY()-A11>14,"Overdue","Awaiting")))
G12: =IF(A12="","",IF(F12="",TODAY()-A12,F12-A12)) | H12: =IF(A12="","",IF(F12<>"","Received",IF(TODAY()-A12>14,"Overdue","Awaiting")))
G13: =IF(A13="","",IF(F13="",TODAY()-A13,F13-A13)) | H13: =IF(A13="","",IF(F13<>"","Received",IF(TODAY()-A13>14,"Overdue","Awaiting")))
G14: =IF(A14="","",IF(F14="",TODAY()-A14,F14-A14)) | H14: =IF(A14="","",IF(F14<>"","Received",IF(TODAY()-A14>14,"Overdue","Awaiting")))
G15: =IF(A15="","",IF(F15="",TODAY()-A15,F15-A15)) | H15: =IF(A15="","",IF(F15<>"","Received",IF(TODAY()-A15>14,"Overdue","Awaiting")))
G16: =IF(A16="","",IF(F16="",TODAY()-A16,F16-A16)) | H16: =IF(A16="","",IF(F16<>"","Received",IF(TODAY()-A16>14,"Overdue","Awaiting")))
... G64: =IF(A64="","",IF(F64="",TODAY()-A64,F64-A64)) | H64: =IF(A64="","",IF(F64<>"","Received",IF(TODAY()-A64>14,"Overdue","Awaiting")))

Sheet Summary
A1: Summary
A2: Updates automatically from the Results Tracker tab
A4: Status
A5: Investigations Logged | B5: =COUNTA('Results Tracker'!A5:A64) -> 0
A6: Awaiting (Under 2 Weeks) | B6: =COUNTIF('Results Tracker'!H5:H64,"Awaiting") -> 0
A7: Overdue (2+ Weeks, Not Received) | B7: =COUNTIF('Results Tracker'!H5:H64,"Overdue") -> 0
A8: Received | B8: =COUNTIF('Results Tracker'!H5:H64,"Received") -> 0
A9: Received but Not Yet Reviewed | B9: =COUNTIFS('Results Tracker'!H5:H64,"Received",'Results Tracker'!I5:I64,"<>Yes") -> 0
A10: Fully Complete (Received & Reviewed) | B10: =COUNTIFS('Results Tracker'!H5:H64,"Received",'Results Tracker'!I5:I64,"Yes") -> 0
A11: Average Days to Result (Received Only) | B11: =IFERROR(AVERAGEIF('Results Tracker'!H5:H64,"Received",'Results Tracker'!G5:G64),"")
A13: By Investigation Type
A14: Investigation Type | B14: Total | C14: Overdue
A15: Blood Test | B15: =COUNTIF('Results Tracker'!D5:D64,"Blood Test") -> 0 | C15: =COUNTIFS('Results Tracker'!D5:D64,"Blood Test",'Results Tracker'!H5:H64,"Overdue") -> 0
A16: MRI | B16: =COUNTIF('Results Tracker'!D5:D64,"MRI") -> 0 | C16: =COUNTIFS('Results Tracker'!D5:D64,"MRI",'Results Tracker'!H5:H64,"Overdue") -> 0
A17: CT | B17: =COUNTIF('Results Tracker'!D5:D64,"CT") -> 0 | C17: =COUNTIFS('Results Tracker'!D5:D64,"CT",'Results Tracker'!H5:H64,"Overdue") -> 0
A18: X-ray | B18: =COUNTIF('Results Tracker'!D5:D64,"X-ray") -> 0 | C18: =COUNTIFS('Results Tracker'!D5:D64,"X-ray",'Results Tracker'!H5:H64,"Overdue") -> 0
A19: USS | B19: =COUNTIF('Results Tracker'!D5:D64,"USS") -> 0 | C19: =COUNTIFS('Results Tracker'!D5:D64,"USS",'Results Tracker'!H5:H64,"Overdue") -> 0
A20: Biopsy | B20: =COUNTIF('Results Tracker'!D5:D64,"Biopsy") -> 0 | C20: =COUNTIFS('Results Tracker'!D5:D64,"Biopsy",'Results Tracker'!H5:H64,"Overdue") -> 0
A21: PET CT | B21: =COUNTIF('Results Tracker'!D5:D64,"PET CT") -> 0 | C21: =COUNTIFS('Results Tracker'!D5:D64,"PET CT",'Results Tracker'!H5:H64,"Overdue") -> 0
A22: DEXA | B22: =COUNTIF('Results Tracker'!D5:D64,"DEXA") -> 0 | C22: =COUNTIFS('Results Tracker'!D5:D64,"DEXA",'Results Tracker'!H5:H64,"Overdue") -> 0
A23: ECG | B23: =COUNTIF('Results Tracker'!D5:D64,"ECG") -> 0 | C23: =COUNTIFS('Results Tracker'!D5:D64,"ECG",'Results Tracker'!H5:H64,"Overdue") -> 0
A24: Other | B24: =COUNTIF('Results Tracker'!D5:D64,"Other") -> 0 | C24: =COUNTIFS('Results Tracker'!D5:D64,"Other",'Results Tracker'!H5:H64,"Overdue") -> 0
